,AnnualCrops,BareBuiltup,GrassShrubs,HayImpast,Treed,Water,Wetland
AnnualCrops,326.195009957944,8.651925366136,1.680224643256,7.951597718278,1.120484248096,0.000000000000,0.000000000000
BareBuiltup,14.668425329910,20.196788123005,0.948111185680,29.396784671199,0.078860225104,0.000000000000,0.034074402113
GrassShrubs,16.768224361665,10.660820911891,4.751213704455,19.527157290591,5.655455094961,0.000000000000,0.854276624345
HayImpast,15.868893777921,4.598735081175,1.509793542143,192.582438259725,1.370313438228,0.000000000000,0.166524333381
Treed,34.959124156403,4.209567212936,20.876218070565,23.713989413323,168.078186505427,0.642496824736,7.048069526197
Water,0.642008341110,0.090643857513,0.992540901405,0.017685631589,3.269936010159,2.744403579138,4.575797024335
Wetland,2.042889040394,0.066983522399,2.433320728813,0.000000000000,2.005542162460,0.519578305845,5.483266259749
